LocalDate,LocalTime,{REPORTE_CIP_TQ\CONDUCTIVIDAD},{REPORTE_CIP_TQ\TEMP_RET},{REPORTE_CIP_TQ\TEMP_SAL},{REPORTE_CIP_TQ\EQUIPO},{REPORTE_CIP_TQ\TIPO_CIP},{REPORTE_CIP_TQ\SECUENCIA},{REPORTE_CIP_TQ\USUARIO2},idlavados
2020-06-17,14:57:12,0.616083,46.09922,44.56225,TA.02.02,Ninguno,3,AIMSA,1
2020-06-17,14:57:22,0.6225681,46.14785,44.56225,TA.02.02,Completo Caliente,45,AIMSA,1
2020-06-17,14:57:32,0.3728923,46.14785,45.86089,TA.02.02,Completo Caliente,45,AIMSA,1
2020-06-17,14:57:42,0.03955901,46.14785,53.4533,TA.02.02,Completo Caliente,45,AIMSA,1
2020-06-17,14:57:52,0.03307393,46.09922,59.50875,TA.02.02,Completo Caliente,45,AIMSA,1
2020-06-17,14:58:02,0.5389105,46.09922,63.25389,TA.02.02,Completo Caliente,45,AIMSA,1
2020-06-17,14:58:12,0.5136186,43.89105,66.2354,TA.02.02,Completo Caliente,45,AIMSA,1
2020-06-17,14:58:32,0.7055772,39.80058,70.41828,TA.02.02,Completo Caliente,45,AIMSA,1
2020-06-17,14:58:42,0.5966278,41.33755,61.09436,TA.02.02,Completo Caliente,45,AIMSA,1
2020-06-17,14:58:52,0.5265889,42.34922,52.87451,TA.02.02,Completo Caliente,45,AIMSA,1
2020-06-17,14:59:02,0.5136186,41.72179,58.74027,TA.02.02,Completo Caliente,45,AIMSA,1
2020-06-17,14:59:12,0.5330739,40.2821,64.26556,TA.02.02,Completo Caliente,45,AIMSA,1
2020-06-17,14:59:22,0.5713359,39.41634,68.68677,TA.02.02,Completo Caliente,45,AIMSA,1
2020-06-17,14:59:32,0.6031128,39.08074,70.65661,TA.02.02,Completo Caliente,45,AIMSA,1
2020-06-17,14:59:42,0.6413748,39.22665,72.38812,TA.02.02,Completo Caliente,45,AIMSA,1
2020-06-17,14:59:53,0.6478599,40.23346,62.96692,TA.02.02,Completo Caliente,45,AIMSA,1
2020-06-17,15:00:03,0.654345,41.09922,52.58755,TA.02.02,Completo Caliente,45,AIMSA,1
2020-06-17,15:00:13,0.6673152,42.4465,56.81906,TA.02.02,Completo Caliente,45,AIMSA,1
2020-06-17,15:00:23,0.6738002,43.98832,63.44844,TA.02.02,Completo Caliente,45,AIMSA,1
2020-06-17,15:00:33,0.6738002,45.66634,65.70525,TA.02.02,Completo Caliente,45,AIMSA,1
2020-06-17,15:00:43,0.6867704,47.15467,63.7354,TA.02.02,Completo Caliente,45,AIMSA,1
2020-06-17,15:00:53,0.6990921,48.40467,55.23346,TA.02.02,Completo Caliente,45,AIMSA,1
2020-06-17,15:01:03,0.6867704,49.32393,56.24513,TA.02.02,Completo Caliente,45,AIMSA,1
2020-06-17,15:01:13,0.7055772,50.42801,62.05739,TA.02.02,Completo Caliente,45,AIMSA,1
2020-06-17,15:01:23,0.6990921,51.62938,67.58268,TA.02.02,Completo Caliente,45,AIMSA,1
2020-06-17,15:01:33,0.6990921,52.97179,67.1498,TA.02.02,Completo Caliente,45,AIMSA,1
2020-06-17,15:01:43,0.7055772,53.88618,60.08754,TA.02.02,Completo Caliente,45,AIMSA,1
2020-06-17,15:01:53,0.7380026,55.76361,53.64299,TA.02.02,Completo Caliente,45,AIMSA,1
2020-06-17,15:02:03,0.7444877,57.30058,54.50875,TA.02.02,Completo Caliente,45,AIMSA,1
2020-06-17,15:02:13,0.7315175,58.25875,61.67315,TA.02.02,Completo Caliente,45,AIMSA,1
2020-06-17,15:02:23,0.7120622,58.83755,66.95525,TA.02.02,Completo Caliente,46,AIMSA,1
2020-06-17,15:02:33,0.6990921,59.02723,63.01556,TA.02.02,Completo Caliente,46,AIMSA,1
2020-06-17,15:02:43,0.6608301,59.07587,60.52042,TA.02.02,Completo Caliente,46,AIMSA,1
2020-06-17,15:02:53,0.9883268,59.02723,60.90466,TA.02.02,Completo Caliente,46,AIMSA,1
2020-06-17,15:03:03,1.584306,58.88618,62.00875,TA.02.02,Completo Caliente,44,AIMSA,1
2020-06-17,15:03:13,1.6738,58.74027,62.72859,TA.02.02,Completo Caliente,44,AIMSA,1
2020-06-17,15:03:23,1.725032,58.64299,63.3998,TA.02.02,Completo Caliente,44,AIMSA,1
2020-06-17,15:03:33,0.7574579,58.55058,63.78404,TA.02.02,Completo Caliente,44,AIMSA,1
2020-06-17,15:03:43,0.7898833,58.16634,64.07101,TA.02.02,Completo Caliente,44,AIMSA,1
2020-06-17,15:03:53,0.7574579,57.63618,64.21692,TA.02.02,Completo Caliente,44,AIMSA,1
2020-06-17,15:04:03,0.770428,57.34922,64.3142,TA.02.02,Completo Caliente,44,AIMSA,1
2020-06-17,15:04:13,0.770428,57.15466,64.36284,TA.02.02,Completo Caliente,44,AIMSA,1
2020-06-17,15:04:23,0.7444877,57.10603,64.40661,TA.02.02,Completo Caliente,47,AIMSA,1
2020-06-17,15:04:33,0.8022049,57.01361,64.79085,TA.02.02,Completo Caliente,47,AIMSA,1
2020-06-17,15:04:43,2.78275,56.8677,64.60117,TA.02.02,Completo Caliente,47,AIMSA,1
2020-06-17,15:04:53,0.8216602,56.91634,64.88813,TA.02.02,Completo Caliente,48,AIMSA,1
2020-06-17,15:05:03,0.8346304,57.06225,71.13812,TA.02.02,Completo Caliente,48,AIMSA,1
2020-06-17,15:05:13,0.8281453,57.06225,83.44358,TA.02.02,Completo Caliente,48,AIMSA,1
2020-06-17,15:05:23,0.8346304,57.2033,92.4319,TA.02.02,Completo Caliente,48,AIMSA,1
2020-06-17,15:05:33,0.8022049,57.30058,91.07976,TA.02.02,Completo Caliente,48,AIMSA,1
2020-06-17,15:05:43,0.8281453,57.25194,85.26751,TA.02.02,Completo Caliente,48,AIMSA,1
2020-06-17,15:05:53,0.9370947,57.2033,78.77918,TA.02.02,Completo Caliente,48,AIMSA,1
2020-06-17,15:06:03,1.487678,57.7821,75.8998,TA.02.02,Completo Caliente,48,AIMSA,1
2020-06-17,15:06:13,4.282101,58.64299,84.5963,TA.02.02,Completo Caliente,48,AIMSA,1
2020-06-17,15:06:23,5.454605,59.31906,89.10992,TA.02.02,Completo Caliente,48,AIMSA,1
2020-06-17,15:06:33,4.993515,59.50875,89.35311,TA.02.02,Completo Caliente,48,AIMSA,1
2020-06-17,15:06:43,0.270428,59.41148,88.67704,TA.02.02,Completo Caliente,48,AIMSA,1
2020-06-17,15:06:53,5.813878,59.27042,83.82781,TA.02.02,Completo Caliente,48,AIMSA,1
2020-06-17,15:07:03,5.800908,59.31906,78.63326,TA.02.02,Completo Caliente,48,AIMSA,1
2020-06-17,15:07:13,1.661479,59.27042,76.47373,TA.02.02,Completo Caliente,48,AIMSA,1
2020-06-17,15:07:23,4.301557,59.02723,86.7072,TA.02.02,Completo Caliente,48,AIMSA,1
2020-06-17,15:07:33,6.005836,59.60603,88.15174,TA.02.02,Completo Caliente,48,AIMSA,1
2020-06-17,15:07:43,6.17834,59.65466,83.3463,TA.02.02,Completo Caliente,48,AIMSA,1
2020-06-17,15:07:53,6.223735,59.50875,78.24902,TA.02.02,Completo Caliente,48,AIMSA,1
2020-06-17,15:08:03,6.274968,59.31906,74.6498,TA.02.02,Completo Caliente,48,AIMSA,1
2020-06-17,15:08:13,6.447471,59.27042,81.66828,TA.02.02,Completo Caliente,48,AIMSA,1
2020-06-17,15:08:23,6.570039,59.7033,88.77431,TA.02.02,Completo Caliente,48,AIMSA,1
2020-06-17,15:08:33,6.601816,60.03891,86.1819,TA.02.02,Completo Caliente,48,AIMSA,1
2020-06-17,15:08:43,7.171854,60.27723,81.66828,TA.02.02,Completo Caliente,48,AIMSA,1
2020-06-17,15:08:54,7.67834,60.75875,77.19358,TA.02.02,Completo Caliente,48,AIMSA,1
2020-06-17,15:09:04,8.254864,61.52723,75.80252,TA.02.02,Completo Caliente,48,AIMSA,1
2020-06-17,15:09:14,8.319066,62.29572,83.49221,TA.02.02,Completo Caliente,48,AIMSA,1
2020-06-17,15:09:24,8.107653,63.49708,87.28599,TA.02.02,Completo Caliente,48,AIMSA,1
2020-06-17,15:09:34,7.518158,64.21692,83.0107,TA.02.02,Completo Caliente,48,AIMSA,1
2020-06-17,15:09:44,7.018158,65.13132,78.29766,TA.02.02,Completo Caliente,48,AIMSA,1
2020-06-17,15:09:54,6.851491,65.60797,73.88132,TA.02.02,Completo Caliente,48,AIMSA,1
2020-06-17,15:10:04,6.774968,66.04085,71.28404,TA.02.02,Completo Caliente,48,AIMSA,1
2020-06-17,15:10:14,6.793774,66.32782,78.58949,TA.02.02,Completo Caliente,48,AIMSA,1
2020-06-17,15:10:24,6.806745,66.66828,85.98735,TA.02.02,Completo Caliente,48,AIMSA,1
2020-06-17,15:10:34,6.659533,67.10117,83.15661,TA.02.02,Completo Caliente,48,AIMSA,1
2020-06-17,15:10:44,6.723735,67.39299,77.33949,TA.02.02,Completo Caliente,48,AIMSA,1
2020-06-17,15:10:54,6.806745,67.58268,73.54572,TA.02.02,Completo Caliente,48,AIMSA,1
2020-06-17,15:11:04,6.870947,67.58268,70.65661,TA.02.02,Completo Caliente,48,AIMSA,1
2020-06-17,15:11:14,6.915694,67.53404,69.36284,TA.02.02,Completo Caliente,48,AIMSA,1
2020-06-17,15:11:24,6.608301,67.63132,77.43677,TA.02.02,Completo Caliente,48,AIMSA,1
2020-06-17,15:11:34,2.609598,68.25389,86.27918,TA.02.02,Completo Caliente,48,AIMSA,1
2020-06-17,15:11:44,7.249027,68.63812,84.40174,TA.02.02,Completo Caliente,48,AIMSA,1
2020-06-17,15:11:54,7.133593,69.11965,79.2607,TA.02.02,Completo Caliente,48,AIMSA,1
2020-06-17,15:12:04,7.940986,69.36284,74.93677,TA.02.02,Completo Caliente,48,AIMSA,1
2020-06-17,15:12:14,8.350843,69.50388,72.29085,TA.02.02,Completo Caliente,48,AIMSA,1
2020-06-17,15:12:24,8.415046,69.79085,80.51556,TA.02.02,Completo Caliente,48,AIMSA,1
2020-06-17,15:12:34,8.293126,70.17509,85.07781,TA.02.02,Completo Caliente,48,AIMSA,1
2020-06-17,15:12:44,8.011673,70.17509,81.18677,TA.02.02,Completo Caliente,48,AIMSA,1
2020-06-17,15:12:54,7.332685,69.88812,76.57101,TA.02.02,Completo Caliente,48,AIMSA,1
2020-06-17,15:13:04,7.332685,69.55252,72.82101,TA.02.02,Completo Caliente,48,AIMSA,1
2020-06-17,15:13:14,7.357976,69.45525,70.46692,TA.02.02,Completo Caliente,48,AIMSA,1
2020-06-17,15:13:24,7.390402,69.36284,69.11965,TA.02.02,Completo Caliente,48,AIMSA,1
2020-06-17,15:13:34,7.422179,69.26556,73.59435,TA.02.02,Completo Caliente,48,AIMSA,1
2020-06-17,15:13:44,7.466926,69.21692,82.67509,TA.02.02,Completo Caliente,48,AIMSA,1
2020-06-17,15:13:54,7.492867,69.36284,84.88326,TA.02.02,Completo Caliente,48,AIMSA,1
2020-06-17,15:14:04,7.640078,69.40661,80.46692,TA.02.02,Completo Caliente,48,AIMSA,1
2020-06-17,15:14:14,7.671854,69.40661,75.99221,TA.02.02,Completo Caliente,48,AIMSA,1
2020-06-17,15:14:24,7.659533,69.31419,72.57782,TA.02.02,Completo Caliente,48,AIMSA,1
2020-06-17,15:14:34,7.67834,69.21692,77.0963,TA.02.02,Completo Caliente,48,AIMSA,1
2020-06-17,15:14:44,7.793774,69.26556,84.78599,TA.02.02,Completo Caliente,48,AIMSA,1
2020-06-17,15:14:54,8.197146,69.50388,82.72372,TA.02.02,Completo Caliente,48,AIMSA,1
2020-06-17,15:15:04,8.517509,69.40661,78.20525,TA.02.02,Completo Caliente,48,AIMSA,1
2020-06-17,15:15:14,8.7607,69.26556,73.92995,TA.02.02,Completo Caliente,48,AIMSA,1
2020-06-17,15:15:24,8.626459,69.11965,71.13812,TA.02.02,Completo Caliente,48,AIMSA,1
2020-06-17,15:15:34,8.145914,69.11965,69.45525,TA.02.02,Completo Caliente,48,AIMSA,1
2020-06-17,15:15:44,7.928016,69.21692,69.26556,TA.02.02,Completo Caliente,48,AIMSA,1
2020-06-17,15:15:54,7.902724,69.31419,78.3463,TA.02.02,Completo Caliente,48,AIMSA,1
2020-06-17,15:16:04,7.915694,69.74708,85.93871,TA.02.02,Completo Caliente,48,AIMSA,1
2020-06-17,15:16:14,7.940986,70.08268,84.74221,TA.02.02,Completo Caliente,48,AIMSA,1
2020-06-17,15:16:24,7.979248,70.03404,79.79085,TA.02.02,Completo Caliente,48,AIMSA,1
2020-06-17,15:16:34,7.972763,69.79085,75.27237,TA.02.02,Completo Caliente,48,AIMSA,1
2020-06-17,15:16:44,7.972763,69.69844,72.33949,TA.02.02,Completo Caliente,48,AIMSA,1
2020-06-17,15:16:54,7.972763,69.6498,79.11478,TA.02.02,Completo Caliente,48,AIMSA,1
2020-06-17,15:17:04,7.787289,69.69844,83.82781,TA.02.02,Completo Caliente,48,AIMSA,1
2020-06-17,15:17:14,7.940986,69.74708,80.75388,TA.02.02,Completo Caliente,48,AIMSA,1
2020-06-17,15:17:24,8.120623,69.74708,76.90661,TA.02.02,Completo Caliente,48,AIMSA,1
2020-06-17,15:17:34,8.145914,69.69844,74.11965,TA.02.02,Completo Caliente,48,AIMSA,1
2020-06-17,15:17:44,8.357328,69.6498,71.57101,TA.02.02,Completo Caliente,48,AIMSA,1
2020-06-17,15:17:55,8.331388,69.60117,70.32101,TA.02.02,Completo Caliente,48,AIMSA,1
2020-06-17,15:18:05,8.389105,69.50388,72.43677,TA.02.02,Completo Caliente,48,AIMSA,1
2020-06-17,15:18:15,8.568742,69.40661,81.80933,TA.02.02,Completo Caliente,48,AIMSA,1
2020-06-17,15:18:25,8.485085,69.50388,86.1819,TA.02.02,Completo Caliente,48,AIMSA,1
2020-06-17,15:18:35,8.331388,69.60117,82.52918,TA.02.02,Completo Caliente,48,AIMSA,1
2020-06-17,15:18:45,8.331388,69.60117,77.57781,TA.02.02,Completo Caliente,48,AIMSA,1
2020-06-17,15:18:55,8.261349,69.55252,74.55252,TA.02.02,Completo Caliente,48,AIMSA,1
2020-06-17,15:19:05,8.210116,69.45525,73.05933,TA.02.02,Completo Caliente,48,AIMSA,1
2020-06-17,15:19:15,8.210116,69.45525,80.03404,TA.02.02,Completo Caliente,48,AIMSA,1
2020-06-17,15:19:25,7.972763,69.83949,85.8463,TA.02.02,Completo Caliente,48,AIMSA,1
2020-06-17,15:19:35,8.126459,69.93677,82.62645,TA.02.02,Completo Caliente,48,AIMSA,1
2020-06-17,15:19:45,8.280155,69.79085,77.91342,TA.02.02,Completo Caliente,48,AIMSA,1
2020-06-17,15:19:55,8.280155,69.69844,74.9854,TA.02.02,Completo Caliente,48,AIMSA,1
2020-06-17,15:20:05,8.223087,69.6498,72.96205,TA.02.02,Completo Caliente,48,AIMSA,1
2020-06-17,15:20:15,8.177691,69.6498,71.90661,TA.02.02,Completo Caliente,48,AIMSA,1
2020-06-17,15:20:25,8.152399,69.6498,79.88812,TA.02.02,Completo Caliente,48,AIMSA,1
2020-06-17,15:20:35,8.184176,69.79085,85.98735,TA.02.02,Completo Caliente,48,AIMSA,1
2020-06-17,15:20:45,8.428016,69.93677,83.49221,TA.02.02,Completo Caliente,48,AIMSA,1
2020-06-17,15:20:55,8.594034,69.83949,79.74708,TA.02.02,Completo Caliente,48,AIMSA,1
2020-06-17,15:21:05,8.504539,69.79085,76.2354,TA.02.02,Completo Caliente,48,AIMSA,1
2020-06-17,15:21:15,8.38262,69.79085,74.21692,TA.02.02,Completo Caliente,48,AIMSA,1
2020-06-17,15:21:25,8.306096,69.79085,72.82101,TA.02.02,Completo Caliente,48,AIMSA,1
2020-06-17,15:21:35,8.005188,69.79085,77.24221,TA.02.02,Completo Caliente,48,AIMSA,1
2020-06-17,15:21:45,7.940986,70.17509,85.70039,TA.02.02,Completo Caliente,48,AIMSA,1
2020-06-17,15:21:55,8.126459,70.36965,84.30933,TA.02.02,Completo Caliente,48,AIMSA,1
2020-06-17,15:22:05,8.114138,70.27237,80.17509,TA.02.02,Completo Caliente,48,AIMSA,1
2020-06-17,15:22:15,8.036965,70.13132,77.33949,TA.02.02,Completo Caliente,48,AIMSA,1
2020-06-17,15:22:25,7.979248,70.17509,75.36965,TA.02.02,Completo Caliente,48,AIMSA,1
2020-06-17,15:22:35,6.127108,70.22373,73.97859,TA.02.02,Completo Caliente,48,AIMSA,1
2020-06-17,15:22:45,3.64786,70.36965,73.05933,TA.02.02,Completo Caliente,48,AIMSA,1
2020-06-17,15:22:55,7.966926,70.75388,79.6498,TA.02.02,Completo Caliente,48,AIMSA,1
2020-06-17,15:23:05,7.953956,71.04085,83.3463,TA.02.02,Completo Caliente,48,AIMSA,1
2020-06-17,15:23:15,8.018158,71.13812,80.8998,TA.02.02,Completo Caliente,48,AIMSA,1
2020-06-17,15:23:25,8.06939,71.08949,78.29766,TA.02.02,Completo Caliente,48,AIMSA,1
2020-06-17,15:23:35,8.036965,70.94358,75.85117,TA.02.02,Completo Caliente,48,AIMSA,1
2020-06-17,15:23:45,7.889753,70.8998,74.60117,TA.02.02,Completo Caliente,48,AIMSA,1
2020-06-17,15:23:55,7.883268,70.94358,73.49708,TA.02.02,Completo Caliente,48,AIMSA,1
2020-06-17,15:24:05,7.940986,70.94358,73.05933,TA.02.02,Completo Caliente,48,AIMSA,1
2020-06-17,15:24:15,7.92153,70.80252,75.65661,TA.02.02,Completo Caliente,48,AIMSA,1
2020-06-17,15:24:25,7.992218,70.80252,85.02918,TA.02.02,Completo Caliente,48,AIMSA,1
2020-06-17,15:24:35,8.011673,71.2354,91.90174,TA.02.02,Completo Caliente,48,AIMSA,1
2020-06-17,15:24:45,8.036965,71.37645,94.35311,TA.02.02,Completo Caliente,49,AIMSA,1
2020-06-17,15:24:55,3.922827,71.28404,89.15855,TA.02.02,Completo Caliente,49,AIMSA,1
2020-06-17,15:25:05,1.461738,71.32782,79.30933,TA.02.02,Completo Caliente,49,AIMSA,1
2020-06-17,15:25:15,0.1485084,71.61965,62.77723,TA.02.02,Completo Caliente,49,AIMSA,1
2020-06-17,15:25:25,0.09079118,72.05252,57.25194,TA.02.02,Completo Caliente,50,AIMSA,1
2020-06-17,15:25:35,0.07782101,72.38812,60.5642,TA.02.02,Completo Caliente,50,AIMSA,1
2020-06-17,15:25:46,0.05901427,72.52918,62.05739,TA.02.02,Completo Caliente,50,AIMSA,1
2020-06-17,15:25:56,5.86511,72.52918,63.16148,TA.02.02,Completo Caliente,50,AIMSA,1
2020-06-17,15:26:05,7.749027,72.38812,63.49708,TA.02.02,Completo Caliente,50,AIMSA,1
2020-06-17,15:26:16,7.80026,72.29085,64.02237,TA.02.02,Completo Caliente,50,AIMSA,1
2020-06-17,15:26:26,7.806745,72.14494,64.3142,TA.02.02,Completo Caliente,50,AIMSA,1
2020-06-17,15:26:36,7.806745,72.00388,64.50388,TA.02.02,Completo Caliente,50,AIMSA,1
2020-06-17,15:26:46,7.825551,71.80933,64.6498,TA.02.02,Completo Caliente,50,AIMSA,1
2020-06-17,15:26:56,7.793774,71.71205,64.69844,TA.02.02,Completo Caliente,50,AIMSA,1
2020-06-17,15:27:06,7.825551,71.61965,64.69844,TA.02.02,Completo Caliente,50,AIMSA,1
2020-06-17,15:27:16,5.185473,71.47373,64.74708,TA.02.02,Completo Caliente,50,AIMSA,1
2020-06-17,15:27:26,1.302205,71.42509,64.74708,TA.02.02,Completo Caliente,50,AIMSA,1
2020-06-17,15:27:36,4.570687,71.57101,64.74708,TA.02.02,Completo Caliente,50,AIMSA,1
2020-06-17,15:27:46,1.789235,71.61965,64.74708,TA.02.02,Completo Caliente,50,AIMSA,1
2020-06-17,15:27:56,0.1037613,71.71205,64.74708,TA.02.02,Completo Caliente,50,AIMSA,1
2020-06-17,15:28:06,0.6608301,71.71205,64.74708,TA.02.02,Completo Caliente,53,AIMSA,1
2020-06-17,15:28:16,0.09079118,71.57101,66.18677,TA.02.02,Completo Caliente,53,AIMSA,1
2020-06-17,15:28:26,0.4559014,71.42509,56.24513,TA.02.02,Completo Caliente,53,AIMSA,1
2020-06-17,15:28:36,7.203632,71.2354,53.64299,TA.02.02,Completo Caliente,53,AIMSA,1
2020-06-17,15:28:46,7.492867,70.99221,58.74027,TA.02.02,Completo Caliente,53,AIMSA,1
2020-06-17,15:28:56,7.448119,70.85117,63.59436,TA.02.02,Completo Caliente,53,AIMSA,1
2020-06-17,15:29:06,7.562905,71.08949,66.7607,TA.02.02,Completo Caliente,53,AIMSA,1
2020-06-17,15:29:16,7.460441,71.28404,68.59435,TA.02.02,Completo Caliente,53,AIMSA,1
2020-06-17,15:29:26,7.345655,71.13812,70.13132,TA.02.02,Completo Caliente,53,AIMSA,1
2020-06-17,15:29:36,7.550584,71.2354,67.91828,TA.02.02,Completo Caliente,53,AIMSA,1
2020-06-17,15:29:46,6.614786,71.28404,58.1177,TA.02.02,Completo Caliente,53,AIMSA,1
2020-06-17,15:29:56,3.289235,71.32782,56.33755,TA.02.02,Completo Caliente,53,AIMSA,1
2020-06-17,15:30:06,1.981193,71.61965,62.29572,TA.02.02,Completo Caliente,53,AIMSA,1
2020-06-17,15:30:16,1.51297,71.66828,66.32782,TA.02.02,Completo Caliente,53,AIMSA,1
2020-06-17,15:30:26,1.193256,71.2354,67.77724,TA.02.02,Completo Caliente,53,AIMSA,1
2020-06-17,15:30:36,1.18677,70.70525,56.72179,TA.02.02,Completo Caliente,53,AIMSA,1
2020-06-17,15:30:46,1.064851,70.08268,51.24513,TA.02.02,Completo Caliente,53,AIMSA,1
2020-06-17,15:30:56,0.9753567,69.26556,58.35603,TA.02.02,Completo Caliente,53,AIMSA,1
2020-06-17,15:31:06,0.8858625,68.7354,63.78404,TA.02.02,Completo Caliente,53,AIMSA,1
2020-06-17,15:31:16,0.8216602,68.11284,66.04085,TA.02.02,Completo Caliente,53,AIMSA,1
2020-06-17,15:31:26,0.7957199,67.19844,66.85797,TA.02.02,Completo Caliente,53,AIMSA,1
2020-06-17,15:31:36,0.7898833,66.42509,67.58268,TA.02.02,Completo Caliente,53,AIMSA,1
2020-06-17,15:31:46,0.7833982,65.70525,69.31419,TA.02.02,Completo Caliente,53,AIMSA,1
2020-06-17,15:31:56,0.7833982,65.22373,66.85797,TA.02.02,Completo Caliente,53,AIMSA,1
2020-06-17,15:32:06,0.7574579,64.93677,57.87451,TA.02.02,Completo Caliente,53,AIMSA,1
2020-06-17,15:32:16,0.7185473,64.50388,56.96498,TA.02.02,Completo Caliente,53,AIMSA,1
2020-06-17,15:32:26,0.7055772,63.0642,62.86964,TA.02.02,Completo Caliente,53,AIMSA,1
2020-06-17,15:32:36,0.7185473,62.19844,66.08949,TA.02.02,Completo Caliente,53,AIMSA,1
2020-06-17,15:32:46,0.7185473,61.76556,61.91148,TA.02.02,Completo Caliente,53,AIMSA,1
2020-06-17,15:32:56,0.7055772,61.52723,51.81906,TA.02.02,Completo Caliente,53,AIMSA,1
2020-06-17,15:33:06,0.7120622,61.47859,54.60603,TA.02.02,Completo Caliente,53,AIMSA,1
2020-06-17,15:33:16,0.692607,61.14299,61.19163,TA.02.02,Completo Caliente,53,AIMSA,1
2020-06-17,15:33:26,0.6990921,60.94844,66.66828,TA.02.02,Completo Caliente,53,AIMSA,1
2020-06-17,15:33:36,0.7055772,60.80739,69.55252,TA.02.02,Completo Caliente,53,AIMSA,1
2020-06-17,15:33:46,0.7380026,60.71011,70.85117,TA.02.02,Completo Caliente,53,AIMSA,1
2020-06-17,15:33:56,0.7250324,60.85603,66.52237,TA.02.02,Completo Caliente,53,AIMSA,1
2020-06-17,15:34:06,0.7185473,60.99708,56.58073,TA.02.02,Completo Caliente,53,AIMSA,1
2020-06-17,15:34:17,0.7250324,61.28891,58.30739,TA.02.02,Completo Caliente,53,AIMSA,1
2020-06-17,15:34:27,0.7315175,61.62451,62.10117,TA.02.02,Completo Caliente,53,AIMSA,1
2020-06-17,15:34:37,0.7185473,62.05739,64.3142,TA.02.02,Completo Caliente,53,AIMSA,1
2020-06-17,15:34:47,0.7185473,62.39299,65.99221,TA.02.02,Completo Caliente,53,AIMSA,1
2020-06-17,15:34:57,0.7055772,62.39299,66.04085,TA.02.02,Completo Caliente,53,AIMSA,1
2020-06-17,15:35:07,0.692607,62.34436,58.55058,TA.02.02,Completo Caliente,53,AIMSA,1
2020-06-17,15:35:17,0.6738002,62.29572,53.74027,TA.02.02,Completo Caliente,53,AIMSA,1
2020-06-17,15:35:27,0.7120622,62.05739,59.89299,TA.02.02,Completo Caliente,53,AIMSA,1
2020-06-17,15:35:37,0.6802853,61.8142,64.6498,TA.02.02,Completo Caliente,53,AIMSA,1
2020-06-17,15:35:47,0.6673152,60.90466,68.3998,TA.02.02,Completo Caliente,53,AIMSA,1
2020-06-17,15:35:57,0.692607,60.32587,70.60797,TA.02.02,Completo Caliente,53,AIMSA,1
2020-06-17,15:36:07,0.7509727,60.66148,69.40661,TA.02.02,Completo Caliente,53,AIMSA,1
2020-06-17,15:36:17,0.7380026,61.67315,59.50875,TA.02.02,Completo Caliente,53,AIMSA,1
2020-06-17,15:36:27,0.7055772,61.96011,58.74027,TA.02.02,Completo Caliente,53,AIMSA,1
2020-06-17,15:36:37,0.6867704,61.96011,64.40661,TA.02.02,Completo Caliente,53,AIMSA,1
2020-06-17,15:36:47,0.6802853,61.76556,68.21011,TA.02.02,Completo Caliente,53,AIMSA,1
2020-06-17,15:36:57,0.6738002,61.42996,70.70525,TA.02.02,Completo Caliente,53,AIMSA,1
2020-06-17,15:37:07,0.6802853,61.24027,72.14494,TA.02.02,Completo Caliente,53,AIMSA,1
2020-06-17,15:37:17,0.6867704,60.99708,67.44164,TA.02.02,Completo Caliente,53,AIMSA,1
2020-06-17,15:37:27,0.692607,60.75875,56.00194,TA.02.02,Completo Caliente,53,AIMSA,1
2020-06-17,15:37:37,0.6802853,60.5642,57.92315,TA.02.02,Completo Caliente,53,AIMSA,1
2020-06-17,15:37:47,0.6802853,60.32587,62.96692,TA.02.02,Completo Caliente,53,AIMSA,1
2020-06-17,15:37:57,0.6738002,60.27723,67.44164,TA.02.02,Completo Caliente,53,AIMSA,1
2020-06-17,15:38:07,0.692607,60.22859,70.03404,TA.02.02,Completo Caliente,54,AIMSA,1
2020-06-17,15:38:17,0.6738002,59.99027,71.90661,TA.02.02,Completo Caliente,54,AIMSA,1
2020-06-17,15:38:27,0.6802853,59.75194,76.04085,TA.02.02,Completo Caliente,54,AIMSA,1
2020-06-17,15:38:37,0.7315175,60.03891,91.60992,TA.02.02,Completo Caliente,54,AIMSA,1
2020-06-17,15:38:47,0.7250324,61.76556,107.0428,TA.02.02,Completo Caliente,54,AIMSA,1
2020-06-17,15:38:57,0.7055772,62.4854,111.9455,TA.02.02,Completo Caliente,54,AIMSA,1
2020-06-17,15:39:07,0.6867704,62.63132,113.5311,TA.02.02,Completo Caliente,54,AIMSA,1
2020-06-17,15:39:17,0.692607,62.34436,111.464,TA.02.02,Completo Caliente,54,AIMSA,1
2020-06-17,15:39:27,0.692607,61.91148,105.6469,TA.02.02,Completo Caliente,54,AIMSA,1
2020-06-17,15:39:37,0.6802853,61.71692,97.08657,TA.02.02,Completo Caliente,54,AIMSA,1
2020-06-17,15:39:47,0.6867704,61.47859,91.464,TA.02.02,Completo Caliente,54,AIMSA,1
2020-06-17,15:39:57,0.6608301,61.24027,98.6284,TA.02.02,Completo Caliente,54,AIMSA,1
2020-06-17,15:40:07,0.2509727,60.99708,108.0982,TA.02.02,Completo Caliente,54,AIMSA,1
2020-06-17,15:40:17,0.6738002,60.90466,108.8667,TA.02.02,Completo Caliente,54,AIMSA,1
2020-06-17,15:40:27,0.6738002,60.94844,100.214,TA.02.02,Completo Caliente,54,AIMSA,1
2020-06-17,15:40:37,0.6867704,60.71011,93.20039,TA.02.02,Completo Caliente,54,AIMSA,1
2020-06-17,15:40:47,0.7444877,60.66148,94.44552,TA.02.02,Completo Caliente,54,AIMSA,1
2020-06-17,15:40:57,0.7444877,60.99708,105.7442,TA.02.02,Completo Caliente,54,AIMSA,1
2020-06-17,15:41:07,0.5901427,61.42996,111.1284,TA.02.02,Completo Caliente,54,AIMSA,1
2020-06-17,15:41:17,0.7380026,61.8142,111.3181,TA.02.02,Completo Caliente,54,AIMSA,1
2020-06-17,15:41:27,0.7250324,62.10117,108.2879,TA.02.02,Completo Caliente,54,AIMSA,1
2020-06-17,15:41:37,0.8281453,62.10117,104.1099,TA.02.02,Completo Caliente,54,AIMSA,1
2020-06-17,15:41:47,0.9370947,62.00875,96.60992,TA.02.02,Completo Caliente,54,AIMSA,1
2020-06-17,15:41:57,0.9753567,62.58268,91.1284,TA.02.02,Completo Caliente,54,AIMSA,1
2020-06-17,15:42:07,0.9753567,64.83949,98.10311,TA.02.02,Completo Caliente,54,AIMSA,1
2020-06-17,15:42:17,0.4111544,67.10117,108.0982,TA.02.02,Completo Caliente,54,AIMSA,1
2020-06-17,15:42:27,1.000648,68.92995,111.6099,TA.02.02,Completo Caliente,54,AIMSA,1
2020-06-17,15:42:37,1.007134,70.46692,107.9037,TA.02.02,Completo Caliente,54,AIMSA,1
2020-06-17,15:42:47,1.007134,70.85117,99.68871,TA.02.02,Completo Caliente,54,AIMSA,1
2020-06-17,15:42:57,0.994812,71.08949,91.36673,TA.02.02,Completo Caliente,54,AIMSA,1
2020-06-17,15:43:07,0.9623865,71.08949,93.87159,TA.02.02,Completo Caliente,54,AIMSA,1
2020-06-17,15:43:17,0.9494163,71.18677,104.927,TA.02.02,Completo Caliente,54,AIMSA,1
2020-06-17,15:43:27,0.9818417,71.42509,109.0078,TA.02.02,Completo Caliente,54,AIMSA,1
2020-06-17,15:43:37,0.994812,71.95525,105.7442,TA.02.02,Completo Caliente,54,AIMSA,1
2020-06-17,15:43:47,1.000648,72.0963,102.0428,TA.02.02,Completo Caliente,54,AIMSA,1
2020-06-17,15:43:57,1.007134,71.90661,96.99416,TA.02.02,Completo Caliente,54,AIMSA,1
2020-06-17,15:44:07,1.000648,71.61965,91.07976,TA.02.02,Completo Caliente,54,AIMSA,1
2020-06-17,15:44:18,1.007134,71.57101,97.04279,TA.02.02,Completo Caliente,54,AIMSA,1
2020-06-17,15:44:28,0.9753567,72.05252,105.9338,TA.02.02,Completo Caliente,54,AIMSA,1
2020-06-17,15:44:38,0.7769131,72.57782,110.4086,TA.02.02,Completo Caliente,54,AIMSA,1
2020-06-17,15:44:48,0.3664073,73.30252,108.3852,TA.02.02,Completo Caliente,54,AIMSA,1
2020-06-17,15:44:58,1.000648,73.63812,99.97567,TA.02.02,Completo Caliente,54,AIMSA,1
2020-06-17,15:45:08,1.013619,73.83268,92.28599,TA.02.02,Completo Caliente,54,AIMSA,1
2020-06-17,15:45:18,1.013619,73.83268,94.06128,TA.02.02,Completo Caliente,54,AIMSA,1
2020-06-17,15:45:28,1.064851,73.83268,103.964,TA.02.02,Completo Caliente,54,AIMSA,1
2020-06-17,15:45:38,1.084306,74.55252,110.3599,TA.02.02,Completo Caliente,54,AIMSA,1
2020-06-17,15:45:48,1.090791,75.70525,110.8901,TA.02.02,Completo Caliente,54,AIMSA,1
2020-06-17,15:45:58,1.122568,76.7607,105.8901,TA.02.02,Completo Caliente,54,AIMSA,1
2020-06-17,15:46:08,1.071336,77.29085,101.5613,TA.02.02,Completo Caliente,54,AIMSA,1
2020-06-17,15:46:18,1.071336,77.67509,95.40855,TA.02.02,Completo Caliente,54,AIMSA,1
2020-06-17,15:46:28,1.064851,77.96205,93.82295,TA.02.02,Completo Caliente,54,AIMSA,1
2020-06-17,15:46:38,0.9688716,78.15661,103.0496,TA.02.02,Completo Caliente,54,AIMSA,1
2020-06-17,15:46:48,0.9241245,78.39494,109.7763,TA.02.02,Completo Caliente,54,AIMSA,1
2020-06-17,15:46:58,1.109598,78.92509,109.5866,TA.02.02,Completo Caliente,54,AIMSA,1
2020-06-17,15:47:08,1.071336,79.55252,101.9942,TA.02.02,Completo Caliente,54,AIMSA,1
2020-06-17,15:47:18,1.064851,79.60117,93.92023,TA.02.02,Completo Caliente,54,AIMSA,1
2020-06-17,15:47:28,1.097276,79.30933,90.59824,TA.02.02,Completo Caliente,54,AIMSA,1
2020-06-17,15:47:38,1.103113,79.06614,100.073,TA.02.02,Completo Caliente,54,AIMSA,1
2020-06-17,15:47:48,1.064851,79.11478,108.2393,TA.02.02,Completo Caliente,54,AIMSA,1
2020-06-17,15:47:58,0.7833982,79.40661,111.9455,TA.02.02,Completo Caliente,54,AIMSA,1
2020-06-17,15:48:08,1.122568,79.6498,110.7442,TA.02.02,Completo Caliente,54,AIMSA,1
2020-06-17,15:48:18,1.097276,80.17509,107.5681,TA.02.02,Completo Caliente,54,AIMSA,1
2020-06-17,15:48:28,1.18677,80.13132,102.0866,TA.02.02,Completo Caliente,54,AIMSA,1
2020-06-17,15:48:38,1.084306,79.83949,93.15174,TA.02.02,Completo Caliente,54,AIMSA,1
2020-06-17,15:48:48,1.077821,79.60117,90.79279,TA.02.02,Completo Caliente,54,AIMSA,1
2020-06-17,15:48:58,1.097276,79.40661,100.4086,TA.02.02,Completo Caliente,54,AIMSA,1
2020-06-17,15:49:08,1.103113,79.60117,108.3366,TA.02.02,Completo Caliente,54,AIMSA,1
2020-06-17,15:49:18,1.007134,80.03404,108.3366,TA.02.02,Completo Caliente,54,AIMSA,1
2020-06-17,15:49:28,1.116083,80.22372,100.7442,TA.02.02,Completo Caliente,54,AIMSA,1
2020-06-17,15:49:38,1.154345,80.46692,91.99902,TA.02.02,Completo Caliente,54,AIMSA,1
2020-06-17,15:49:48,1.103113,80.41828,90.02431,TA.02.02,Completo Caliente,54,AIMSA,1
2020-06-17,15:49:58,1.103113,80.32101,100.1216,TA.02.02,Completo Caliente,54,AIMSA,1
2020-06-17,15:50:08,1.116083,80.36965,106.9455,TA.02.02,Completo Caliente,54,AIMSA,1
2020-06-17,15:50:18,1.116083,80.65661,106.7023,TA.02.02,Completo Caliente,54,AIMSA,1
2020-06-17,15:50:28,1.116083,80.94358,102.8113,TA.02.02,Completo Caliente,54,AIMSA,1
2020-06-17,15:50:38,1.122568,81.08949,98.39007,TA.02.02,Completo Caliente,54,AIMSA,1
2020-06-17,15:50:49,1.142023,81.13812,93.24416,TA.02.02,Completo Caliente,54,AIMSA,1
2020-06-17,15:50:59,1.097276,81.13812,89.78113,TA.02.02,Completo Caliente,54,AIMSA,1
2020-06-17,15:51:09,1.109598,81.13812,97.81128,TA.02.02,Completo Caliente,54,AIMSA,1
2020-06-17,15:51:19,1.103113,81.28404,106.0311,TA.02.02,Completo Caliente,54,AIMSA,1
2020-06-17,15:51:29,1.103113,81.52237,104.2558,TA.02.02,Completo Caliente,54,AIMSA,1
2020-06-17,15:51:39,1.109598,81.7607,96.41537,TA.02.02,Completo Caliente,54,AIMSA,1
2020-06-17,15:51:49,1.109598,81.85797,90.35992,TA.02.02,Completo Caliente,54,AIMSA,1
2020-06-17,15:51:59,1.109598,81.90661,87.18871,TA.02.02,Completo Caliente,54,AIMSA,1
2020-06-17,15:52:09,1.122568,81.85797,95.84144,TA.02.02,Completo Caliente,54,AIMSA,1
2020-06-17,15:52:19,1.129053,82.00388,106.177,TA.02.02,Completo Caliente,54,AIMSA,1
2020-06-17,15:52:29,1.116083,82.24221,105.3113,TA.02.02,Completo Caliente,54,AIMSA,1
2020-06-17,15:52:39,1.116083,82.33949,97.85992,TA.02.02,Completo Caliente,54,AIMSA,1
2020-06-17,15:52:49,1.122568,82.29085,93.43871,TA.02.02,Completo Caliente,54,AIMSA,1
2020-06-17,15:52:59,1.116083,82.24221,89.78113,TA.02.02,Completo Caliente,54,AIMSA,1
2020-06-17,15:53:09,1.142023,82.14494,94.73735,TA.02.02,Completo Caliente,54,AIMSA,1
2020-06-17,15:53:19,1.135538,82.24221,100.8414,TA.02.02,Completo Caliente,54,AIMSA,1
2020-06-17,15:53:29,1.129053,82.38812,97.42704,TA.02.02,Completo Caliente,54,AIMSA,1
2020-06-17,15:53:39,1.116083,82.33949,91.41537,TA.02.02,Completo Caliente,54,AIMSA,1
2020-06-17,15:53:49,1.122568,82.19358,86.3716,TA.02.02,Completo Caliente,54,AIMSA,1
2020-06-17,15:53:59,1.129053,82.14494,92.71886,TA.02.02,Completo Caliente,54,AIMSA,1
2020-06-17,15:54:09,1.135538,82.14494,104.6401,TA.02.02,Completo Caliente,54,AIMSA,1
2020-06-17,15:54:19,1.129053,82.48054,110.5982,TA.02.02,Completo Caliente,54,AIMSA,1
2020-06-17,15:54:29,1.122568,82.86478,108.3366,TA.02.02,Completo Caliente,54,AIMSA,1
2020-06-17,15:54:39,1.116083,82.86478,99.68871,TA.02.02,Completo Caliente,54,AIMSA,1
2020-06-17,15:54:49,1.122568,82.82101,92.67023,TA.02.02,Completo Caliente,54,AIMSA,1
2020-06-17,15:54:59,1.109598,82.67509,87.23735,TA.02.02,Completo Caliente,54,AIMSA,1
2020-06-17,15:55:09,1.116083,82.57781,85.31614,TA.02.02,Completo Caliente,54,AIMSA,1
2020-06-17,15:55:19,1.116083,82.48054,92.04765,TA.02.02,Completo Caliente,54,AIMSA,1
2020-06-17,15:55:29,1.129053,82.52918,104.7373,TA.02.02,Completo Caliente,54,AIMSA,1
2020-06-17,15:55:39,1.129053,82.77237,105.8414,TA.02.02,Completo Caliente,54,AIMSA,1
2020-06-17,15:55:49,1.122568,82.86478,98.67704,TA.02.02,Completo Caliente,54,AIMSA,1
2020-06-17,15:55:59,1.122568,82.77237,90.89007,TA.02.02,Completo Caliente,54,AIMSA,1
2020-06-17,15:56:09,1.129053,82.67509,89.15855,TA.02.02,Completo Caliente,54,AIMSA,1
2020-06-17,15:56:19,1.135538,82.57781,97.61673,TA.02.02,Completo Caliente,54,AIMSA,1
2020-06-17,15:56:29,1.142023,82.67509,105.4086,TA.02.02,Completo Caliente,54,AIMSA,1
2020-06-17,15:56:39,1.129053,82.91342,105.8901,TA.02.02,Completo Caliente,54,AIMSA,1
2020-06-17,15:56:49,1.122568,83.10797,100.2626,TA.02.02,Completo Caliente,54,AIMSA,1
2020-06-17,15:56:59,1.129053,83.05933,92.57295,TA.02.02,Completo Caliente,54,AIMSA,1
2020-06-17,15:57:09,1.116083,82.96205,87.81614,TA.02.02,Completo Caliente,54,AIMSA,1
2020-06-17,15:57:19,1.135538,82.86478,84.35797,TA.02.02,Completo Caliente,54,AIMSA,1
2020-06-17,15:57:29,1.142023,82.77237,88.34144,TA.02.02,Completo Caliente,54,AIMSA,1
2020-06-17,15:57:39,1.142023,82.82101,101.0311,TA.02.02,Completo Caliente,54,AIMSA,1
2020-06-17,15:57:49,1.148508,83.05933,108.0496,TA.02.02,Completo Caliente,54,AIMSA,1
2020-06-17,15:57:59,1.129053,83.3463,109.5866,TA.02.02,Completo Caliente,54,AIMSA,1
2020-06-17,15:58:09,1.135538,83.58949,103.8667,TA.02.02,Completo Caliente,54,AIMSA,1
2020-06-17,15:58:19,1.135538,83.58949,94.82976,TA.02.02,Completo Caliente,54,AIMSA,1
2020-06-17,15:58:30,1.148508,83.54085,89.15855,TA.02.02,Completo Caliente,54,AIMSA,1
2020-06-17,15:58:40,1.154345,83.44358,94.06128,TA.02.02,Completo Caliente,54,AIMSA,1
2020-06-17,15:58:50,1.154345,83.39494,103.1469,TA.02.02,Completo Caliente,54,AIMSA,1
2020-06-17,15:59:00,1.142023,83.49221,108.964,TA.02.02,Completo Caliente,54,AIMSA,1
2020-06-17,15:59:10,1.142023,83.58949,105.5982,TA.02.02,Completo Caliente,54,AIMSA,1
2020-06-17,15:59:20,1.129053,83.49221,97.32976,TA.02.02,Completo Caliente,54,AIMSA,1
2020-06-17,15:59:30,1.129053,83.3463,92.28599,TA.02.02,Completo Caliente,54,AIMSA,1
2020-06-17,15:59:40,1.135538,83.15661,89.68871,TA.02.02,Completo Caliente,54,AIMSA,1
2020-06-17,15:59:50,1.142023,83.05933,99.44552,TA.02.02,Completo Caliente,54,AIMSA,1
2020-06-17,16:00:00,1.142023,83.24902,102.8551,TA.02.02,Completo Caliente,54,AIMSA,1
2020-06-17,16:00:10,1.135538,83.24902,97.42704,TA.02.02,Completo Caliente,54,AIMSA,1
2020-06-17,16:00:20,1.122568,83.15661,90.89007,TA.02.02,Completo Caliente,54,AIMSA,1
2020-06-17,16:00:30,1.116083,83.05933,87.04765,TA.02.02,Completo Caliente,54,AIMSA,1
2020-06-17,16:00:40,1.135538,82.96205,95.5496,TA.02.02,Completo Caliente,54,AIMSA,1
2020-06-17,16:00:50,1.142023,83.05933,104.8784,TA.02.02,Completo Caliente,54,AIMSA,1
2020-06-17,16:01:00,1.142023,83.24902,108.3852,TA.02.02,Completo Caliente,54,AIMSA,1
2020-06-17,16:01:10,1.142023,83.44358,104.3969,TA.02.02,Completo Caliente,54,AIMSA,1
2020-06-17,16:01:20,1.129053,83.44358,95.98248,TA.02.02,Completo Caliente,54,AIMSA,1
2020-06-17,16:01:30,1.129053,83.3463,90.16537,TA.02.02,Completo Caliente,54,AIMSA,1
2020-06-17,16:01:40,1.122568,83.24902,86.1819,TA.02.02,Completo Caliente,54,AIMSA,1
2020-06-17,16:01:50,1.122568,83.05933,84.11478,TA.02.02,Completo Caliente,54,AIMSA,1
2020-06-17,16:02:00,1.129053,82.91342,87.18871,TA.02.02,Completo Caliente,54,AIMSA,1
2020-06-17,16:02:10,1.148508,82.91342,99.97567,TA.02.02,Completo Caliente,54,AIMSA,1
2020-06-17,16:02:20,1.154345,83.20525,108.8667,TA.02.02,Completo Caliente,54,AIMSA,1
2020-06-17,16:02:30,1.154345,83.49221,112.3784,TA.02.02,Completo Caliente,54,AIMSA,1
2020-06-17,16:02:40,1.154345,83.63326,109.0078,TA.02.02,Completo Caliente,54,AIMSA,1
2020-06-17,16:02:50,1.142023,83.63326,100.1216,TA.02.02,Completo Caliente,54,AIMSA,1
2020-06-17,16:03:00,1.135538,83.49221,93.24416,TA.02.02,Completo Caliente,54,AIMSA,1
2020-06-17,16:03:10,1.135538,83.29765,89.2072,TA.02.02,Completo Caliente,54,AIMSA,1
2020-06-17,16:03:20,1.135538,83.24902,96.60992,TA.02.02,Completo Caliente,54,AIMSA,1
2020-06-17,16:03:30,1.154345,83.39494,104.9757,TA.02.02,Completo Caliente,54,AIMSA,1
2020-06-17,16:03:40,1.148508,83.58949,105.3599,TA.02.02,Completo Caliente,54,AIMSA,1
2020-06-17,16:03:50,1.135538,83.82781,99.35311,TA.02.02,Completo Caliente,54,AIMSA,1
2020-06-17,16:04:00,1.135538,83.87645,94.59144,TA.02.02,Completo Caliente,54,AIMSA,1
2020-06-17,16:04:10,1.142023,83.82781,90.89007,TA.02.02,Completo Caliente,54,AIMSA,1
2020-06-17,16:04:20,1.135538,83.73054,91.60992,TA.02.02,Completo Caliente,54,AIMSA,1
2020-06-17,16:04:30,1.154345,83.73054,101.6099,TA.02.02,Completo Caliente,54,AIMSA,1
2020-06-17,16:04:40,1.148508,83.77918,102.2325,TA.02.02,Completo Caliente,54,AIMSA,1
2020-06-17,16:04:50,1.135538,83.6819,95.74416,TA.02.02,Completo Caliente,54,AIMSA,1
2020-06-17,16:05:00,1.129053,83.49221,90.5496,TA.02.02,Completo Caliente,54,AIMSA,1
2020-06-17,16:05:10,1.122568,83.29765,87.4319,TA.02.02,Completo Caliente,54,AIMSA,1
2020-06-17,16:05:20,1.129053,83.15661,96.31808,TA.02.02,Completo Caliente,54,AIMSA,1
2020-06-17,16:05:30,1.16083,83.29765,108.2879,TA.02.02,Completo Caliente,54,AIMSA,1
2020-06-17,16:05:40,1.16083,83.54085,110.8901,TA.02.02,Completo Caliente,54,AIMSA,1
2020-06-17,16:05:50,1.148508,83.63326,105.7928,TA.02.02,Completo Caliente,54,AIMSA,1
2020-06-17,16:06:00,1.148508,83.49221,97.56808,TA.02.02,Completo Caliente,54,AIMSA,1
2020-06-17,16:06:10,1.142023,83.39494,92.28599,TA.02.02,Completo Caliente,54,AIMSA,1
2020-06-17,16:06:20,1.142023,83.20525,88.39007,TA.02.02,Completo Caliente,54,AIMSA,1
2020-06-17,16:06:30,1.142023,83.0107,92.81614,TA.02.02,Completo Caliente,54,AIMSA,1
2020-06-17,16:06:40,1.154345,83.10797,103.8667,TA.02.02,Completo Caliente,54,AIMSA,1
2020-06-17,16:06:51,1.167315,83.39494,107.5194,TA.02.02,Completo Caliente,54,AIMSA,1
2020-06-17,16:07:01,1.148508,83.6819,102.427,TA.02.02,Completo Caliente,54,AIMSA,1
2020-06-17,16:07:11,1.142023,83.77918,95.74416,TA.02.02,Completo Caliente,54,AIMSA,1
2020-06-17,16:07:21,1.142023,83.73054,90.31128,TA.02.02,Completo Caliente,54,AIMSA,1
2020-06-17,16:07:31,1.142023,83.6819,88.48735,TA.02.02,Completo Caliente,54,AIMSA,1
2020-06-17,16:07:41,1.16083,83.54085,99.54279,TA.02.02,Completo Caliente,54,AIMSA,1
2020-06-17,16:07:51,1.154345,83.6819,108.3852,TA.02.02,Completo Caliente,54,AIMSA,1
2020-06-17,16:08:01,1.154345,83.97372,110.5058,TA.02.02,Completo Caliente,54,AIMSA,1
2020-06-17,16:08:11,1.154345,84.11478,105.4086,TA.02.02,Completo Caliente,54,AIMSA,1
2020-06-17,16:08:21,1.135538,84.01751,98.39007,TA.02.02,Completo Caliente,54,AIMSA,1
2020-06-17,16:08:31,1.135538,83.77918,93.77431,TA.02.02,Completo Caliente,54,AIMSA,1
2020-06-17,16:08:41,1.135538,83.58949,90.74416,TA.02.02,Completo Caliente,54,AIMSA,1
2020-06-17,16:08:51,1.142023,83.39494,94.44552,TA.02.02,Completo Caliente,54,AIMSA,1
2020-06-17,16:09:01,1.154345,83.44358,102.0866,TA.02.02,Completo Caliente,54,AIMSA,1
2020-06-17,16:09:11,1.142023,83.54085,100.2626,TA.02.02,Completo Caliente,54,AIMSA,1
2020-06-17,16:09:21,1.148508,83.49221,94.8784,TA.02.02,Completo Caliente,56,AIMSA,1
2020-06-17,16:09:31,1.142023,83.39494,90.4572,TA.02.02,Completo Caliente,56,AIMSA,1
2020-06-17,16:09:41,1.142023,83.29765,83.77918,TA.02.02,Completo Caliente,56,AIMSA,1
2020-06-17,16:09:51,1.135538,83.20525,68.25389,TA.02.02,Completo Caliente,56,AIMSA,1
2020-06-17,16:10:01,1.116083,83.10797,63.49708,TA.02.02,Completo Caliente,56,AIMSA,1
2020-06-17,16:10:11,1.109598,82.96205,68.25389,TA.02.02,Completo Caliente,56,AIMSA,1
2020-06-17,16:10:21,1.122568,82.67509,71.66828,TA.02.02,Completo Caliente,56,AIMSA,1
2020-06-17,16:10:31,1.116083,82.48054,75.17509,TA.02.02,Completo Caliente,56,AIMSA,1
2020-06-17,16:10:41,1.122568,82.33949,78.54085,TA.02.02,Completo Caliente,56,AIMSA,1
2020-06-17,16:10:51,1.129053,82.33949,84.54765,TA.02.02,Completo Caliente,56,AIMSA,1
2020-06-17,16:11:01,1.142023,82.38812,78.49221,TA.02.02,Completo Caliente,56,AIMSA,1
2020-06-17,16:11:11,1.122568,82.43677,67.53404,TA.02.02,Completo Caliente,56,AIMSA,1
2020-06-17,16:11:21,1.129053,82.38812,60.52042,TA.02.02,Completo Caliente,56,AIMSA,1
2020-06-17,16:11:31,1.122568,82.29085,58.98346,TA.02.02,Completo Caliente,56,AIMSA,1
2020-06-17,16:11:41,1.129053,82.05252,71.32782,TA.02.02,Completo Caliente,56,AIMSA,1
2020-06-17,16:11:51,1.142023,81.90661,79.88812,TA.02.02,Completo Caliente,56,AIMSA,1
2020-06-17,16:12:01,1.142023,82.00388,78.05933,TA.02.02,Completo Caliente,56,AIMSA,1
2020-06-17,16:12:11,1.142023,82.19358,66.32782,TA.02.02,Completo Caliente,56,AIMSA,1
2020-06-17,16:12:21,1.122568,82.38812,59.7033,TA.02.02,Completo Caliente,56,AIMSA,1
2020-06-17,16:12:31,1.109598,82.48054,58.78891,TA.02.02,Completo Caliente,56,AIMSA,1
2020-06-17,16:12:41,1.058366,82.52918,57.06225,TA.02.02,Completo Caliente,56,AIMSA,1
2020-06-17,16:12:51,1.039559,82.48054,56.24513,TA.02.02,Completo Caliente,56,AIMSA,1
2020-06-17,16:13:01,1.000648,82.38812,55.90953,TA.02.02,Completo Caliente,56,AIMSA,1
2020-06-17,16:13:11,0.9494163,82.14494,55.86089,TA.02.02,Completo Caliente,56,AIMSA,1
2020-06-17,16:13:21,0.9306096,81.42509,56.33755,TA.02.02,Completo Caliente,56,AIMSA,1
2020-06-17,16:13:31,0.9241245,80.94358,56.81906,TA.02.02,Completo Caliente,56,AIMSA,1
2020-06-17,16:13:41,0.9176394,80.22372,57.73346,TA.02.02,Completo Caliente,56,AIMSA,1
2020-06-17,16:13:51,0.9176394,79.60117,58.98346,TA.02.02,Completo Caliente,56,AIMSA,1
2020-06-17,16:14:01,0.9046693,78.97372,61.28891,TA.02.02,Completo Caliente,56,AIMSA,1
2020-06-17,16:14:11,0.8981842,78.63326,63.21011,TA.02.02,Completo Caliente,56,AIMSA,1
2020-06-17,16:14:21,0.8858625,77.86478,56.43482,TA.02.02,Completo Caliente,56,AIMSA,1
2020-06-17,16:14:31,0.8981842,77.43677,47.2033,TA.02.02,Completo Caliente,56,AIMSA,1
2020-06-17,16:14:41,0.8923476,76.80933,40.37938,TA.02.02,Completo Caliente,56,AIMSA,1
2020-06-17,16:14:51,0.8793774,76.42509,35.81712,TA.02.02,Completo Caliente,56,AIMSA,1
2020-06-17,16:15:01,0.8728923,75.85117,32.40759,TA.02.02,Completo Caliente,56,AIMSA,1
2020-06-17,16:15:11,0.8599222,75.17509,30.77334,TA.02.02,Completo Caliente,56,AIMSA,1
2020-06-17,16:15:21,0.8411154,74.50388,29.23152,TA.02.02,Completo Caliente,44,AIMSA,1
2020-06-17,16:15:31,0.8411154,73.59435,28.79864,TA.02.02,Completo Caliente,44,AIMSA,1
2020-06-17,16:15:41,0.8281453,72.52918,28.70136,TA.02.02,Completo Caliente,44,AIMSA,1
2020-06-17,16:15:51,0.8281453,71.71205,28.70136,TA.02.02,Completo Caliente,44,AIMSA,1
2020-06-17,16:16:01,0.8216602,70.70525,28.70136,TA.02.02,Completo Caliente,44,AIMSA,1
2020-06-17,16:16:11,0.8281453,69.93677,28.65272,TA.02.02,Completo Caliente,44,AIMSA,1
2020-06-17,16:16:22,0.8151751,69.26556,28.70136,TA.02.02,Completo Caliente,57,AIMSA,1
2020-06-17,16:16:32,0.763943,68.59435,28.70136,TA.02.02,Completo Caliente,57,AIMSA,1
